case_id,e1,e2,e3,t1,t2,t3,top_uz_mae_pct,top_uz_relative_l2_pct,top_uz_mean_abs_error,top_uz_max_pct,volume_mae_pct,volume_relative_l2_pct,volume_mean_abs_error,volume_max_pct,avg_uz_fem,avg_uz_pinn,avg_displacement_relative_error_pct,peak_fem_uz,peak_pinn_uz,fem_seconds,pinn_eval_seconds,n_eval_points
random_interior_000,6.1210399,8.6794858,3.5461155,0.086535641,0.020388906,0.023249662,11.253979,60.147415,0.02607015115,70.002346,5.551311,62.786982,0.01287680251,70.577267,-0.05019185327,-0.02476002426,50.697193,-0.2316527408,-0.06961363879,0.436094,0.086154,2601
random_interior_001,5.7576975,6.64737,4.7130957,0.094479279,0.068759888,0.05052445,10.671985,62.465801,0.009338978874,74.063226,5.497506,64.881911,0.004810828676,74.063226,-0.01727717224,-0.008068371073,53.338139,-0.08750929424,-0.02269708784,0.417293,0.002888,2601
random_interior_002,7.3912276,3.5624324,7.953434,0.036052491,0.035996509,0.048741302,13.744280,70.340779,0.03542215584,77.779665,6.026471,71.640556,0.01561956175,78.584789,-0.05548809028,-0.02018361024,63.657229,-0.2577228976,-0.05726689127,0.495099,0.002222,2601
random_interior_003,2.2817562,5.8358486,4.6683454,0.073985075,0.099662534,0.032297389,13.035391,69.625824,0.01745047883,78.392701,6.417611,70.361455,0.008591256685,78.496207,-0.02774075845,-0.01099681736,60.384962,-0.1338700073,-0.02899031293,0.391154,0.002611,2601
random_interior_004,4.6176998,1.0245919,8.8369182,0.074347417,0.049898323,0.073415714,13.472139,73.287024,0.02023101354,81.122755,5.848786,74.821785,0.008799504346,81.846502,-0.03009560904,-0.009798854463,67.458186,-0.1501692736,-0.02834782226,0.433252,0.003003,2601
random_interior_005,8.0580403,5.2574263,9.070057,0.090825847,0.053025561,0.080972517,10.245405,61.701368,0.006005418243,73.639111,5.224671,65.056770,0.003062478609,73.639111,-0.01136736328,-0.005224449707,54.092324,-0.0586157261,-0.01545162668,0.462463,0.002771,2601
random_interior_006,2.8791528,6.039714,8.1715335,0.083361753,0.081843373,0.027938514,13.607447,71.690808,0.0167191082,79.782022,6.516022,72.432239,0.008006063406,80.582167,-0.02556275024,-0.009326567954,63.537086,-0.1228673431,-0.02484129221,0.342579,0.002523,2601
random_interior_007,2.2084693,4.0972762,9.7147012,0.075709557,0.064902041,0.035693889,14.304989,74.141122,0.02437811078,81.311386,6.748603,75.252325,0.01154158843,81.958666,-0.03572518038,-0.01167058682,67.348654,-0.1704168493,-0.03184854783,0.400064,0.002499,2601
random_interior_008,4.5671403,1.4803994,6.7376654,0.088071467,0.088747086,0.080066115,11.974537,73.342043,0.01404778667,82.489039,5.033596,73.622594,0.005905103826,82.489039,-0.02079693789,-0.007135339591,65.721718,-0.1173138161,-0.02054277661,0.493889,0.003077,2601
random_interior_009,3.5621546,4.4134487,3.2884498,0.06619971,0.027757041,0.053793528,12.175441,64.409604,0.03610280774,73.691781,5.980334,67.513030,0.01775535314,74.677451,-0.06371777917,-0.02732278868,57.133385,-0.2965215639,-0.07867112938,0.443004,0.002670,2601
random_interior_010,9.9442763,3.472368,9.710551,0.074812848,0.076269476,0.061990319,11.991533,70.045017,0.008923777044,79.805410,5.245025,71.061003,0.003903207144,79.892599,-0.01409372793,-0.005276691415,62.598435,-0.07441731733,-0.01502827245,0.512253,0.002219,2601
random_interior_011,2.2517327,2.4959046,5.8869823,0.098725415,0.082097745,0.028645579,13.263524,72.925722,0.02402898562,81.378991,6.050493,73.112465,0.01096143257,81.989118,-0.0358748128,-0.01261177276,64.865250,-0.1811659268,-0.0339005378,0.341585,0.002800,2601
random_interior_012,5.1184473,1.0969,7.0492138,0.031776628,0.099785387,0.050361267,15.223001,80.879108,0.04108982077,86.763056,6.207127,80.757993,0.0168003493,87.286862,-0.05350932082,-0.01315619994,75.424893,-0.269919325,-0.03573449474,0.376657,0.002397,2601
random_interior_013,8.0447173,2.0221482,4.8791174,0.069959052,0.061000577,0.02124066,13.513424,71.461216,0.02843229133,79.675334,6.049980,71.959179,0.01273869301,80.339917,-0.04350878343,-0.01580410851,63.707115,-0.2104003515,-0.04298075765,0.445502,0.002556,2601
random_interior_014,2.4382403,2.2561746,6.9013241,0.054027789,0.079953132,0.065369303,12.647265,68.699938,0.01975747926,77.650363,6.220993,70.733591,0.009718396685,78.568230,-0.03210778578,-0.01244151219,61.280611,-0.1562193811,-0.03493057441,0.410618,0.003158,2601
random_interior_015,3.9475596,2.986942,3.1224864,0.077494931,0.060915562,0.073031089,9.984105,60.046116,0.01473776684,72.424838,5.215070,63.460262,0.007698085177,72.424838,-0.02896053083,-0.01405567874,51.513320,-0.1476123048,-0.04087530636,0.431213,0.002734,2601
random_interior_016,1.6402559,2.5410632,2.4794423,0.046676955,0.083653014,0.087176541,10.664265,61.920731,0.0225302391,73.432547,5.694449,65.702286,0.01203058055,73.432547,-0.04225096654,-0.01941581572,54.098024,-0.2112685633,-0.05632354205,0.371795,0.002927,2601
random_interior_017,6.56331,6.8211888,3.1261501,0.056570159,0.052487082,0.05737729,12.206610,65.723503,0.02024051557,75.378082,6.068695,68.747055,0.01006286993,75.378082,-0.03468358429,-0.01429007529,58.821524,-0.1658160297,-0.04091451372,0.514961,0.002390,2601
random_interior_018,9.6285509,9.6894321,4.1653982,0.02353777,0.023238838,0.046568179,14.770901,73.048058,0.07449634023,79.276238,6.281017,74.283069,0.03196070504,80.303714,-0.1108985218,-0.03641625965,67.206877,-0.5043452567,-0.1045193087,0.340855,0.002492,2601
random_interior_019,2.0736725,4.0312146,2.0763109,0.020509289,0.051926494,0.029727167,14.524105,72.501017,0.145688905,79.059868,6.277395,73.296615,0.06351587192,79.525937,-0.2200338983,-0.07628271595,65.352166,-1.003083544,-0.2112913916,0.443556,0.003285,2601
random_interior_020,9.9964113,3.3176418,5.5912259,0.070239258,0.066188212,0.038169456,12.685777,69.251635,0.01553813431,78.452101,5.727607,70.368209,0.007015441066,78.770620,-0.02481165462,-0.009510705403,61.705808,-0.1224846856,-0.02641236005,0.482429,0.002287,2601
random_interior_021,1.3128918,7.5270732,6.8958584,0.028636522,0.03072297,0.099803623,10.956273,59.413794,0.01695541685,69.810056,5.815561,63.788302,0.009018267604,70.845972,-0.03324358836,-0.01612778174,51.534023,-0.1547553329,-0.04672054792,0.470480,0.003299,2601
random_interior_022,3.6051192,9.4211089,9.8526669,0.05200194,0.083070076,0.055057312,12.691206,67.627072,0.01051420327,76.648836,6.364649,69.806051,0.005272880852,77.277438,-0.01738561647,-0.006992229405,59.811474,-0.08284636913,-0.01934559183,0.522399,0.003430,2601
random_interior_023,9.0945678,3.4153389,9.828817,0.077527156,0.086620576,0.023348407,13.375575,73.964619,0.01406997122,82.278810,5.665718,73.327150,0.005959854956,82.790044,-0.020530676,-0.007043324501,65.726633,-0.1051915221,-0.01864118989,0.401042,0.002298,2601
random_interior_024,4.7114107,7.2139036,2.5978677,0.087187909,0.062850882,0.085446384,9.879041,63.296539,0.01060103889,75.969765,5.207019,66.065832,0.005587567274,75.969765,-0.01938983203,-0.008817267018,54.567896,-0.1073083795,-0.02578645624,0.503735,0.003207,2601
random_interior_025,8.7448789,3.1691539,4.523348,0.036764835,0.024588712,0.024282457,14.779103,73.211841,0.1025587823,79.342334,6.128530,73.901429,0.04290024082,79.679198,-0.1520474948,-0.05020606847,67.076375,-0.693944572,-0.1434761396,0.428230,0.003210,2601
random_interior_026,3.2706,9.6223331,5.7386206,0.030856118,0.067186825,0.095732992,10.175791,58.722065,0.009537749905,70.635935,5.575697,63.486775,0.005226090205,70.635935,-0.01919812055,-0.009392981759,51.123333,-0.09372981142,-0.02752288254,0.450440,0.003182,2601
random_interior_027,7.7442425,9.6330742,4.7653939,0.07880989,0.032518648,0.061538543,11.112925,61.594476,0.01275095775,72.353114,5.777218,65.592444,0.006628773866,72.353114,-0.02391754985,-0.01089186705,54.486017,-0.114739887,-0.03172200633,0.470933,0.002600,2601
random_interior_028,6.3781902,7.9910763,1.2097609,0.055929888,0.023719829,0.097551703,12.975672,72.614724,0.03459296664,81.502957,6.237287,75.710218,0.01662852236,81.502957,-0.05149773859,-0.01648962519,67.989798,-0.2665986568,-0.04931880469,0.417277,0.003002,2601
random_interior_029,7.3947253,4.8684382,2.2652981,0.069499981,0.092911813,0.023001142,12.057162,66.910061,0.01527686098,76.932011,5.684506,66.769478,0.007202475559,76.932011,-0.02553097322,-0.01120240904,56.157492,-0.1267036262,-0.02929360388,0.406448,0.003081,2601
random_interior_030,6.909101,2.5267048,1.9182021,0.062653246,0.091499902,0.03492034,12.277195,68.854247,0.02162268772,78.728318,5.705214,69.306298,0.01004806649,78.728318,-0.03470943723,-0.01398928575,59.723581,-0.1761207528,-0.03766433054,0.392276,0.003202,2601
random_interior_031,8.4026115,3.8102867,3.6214116,0.060788897,0.053912454,0.070823209,11.052666,63.147344,0.0140174565,74.288673,5.548595,66.743161,0.007036962217,74.288673,-0.02545493805,-0.01111084922,56.382764,-0.1268242169,-0.03268506029,0.305288,0.002734,2601
random_interior_032,7.7028133,4.657839,5.403795,0.048984844,0.048119961,0.067957919,11.889692,64.480584,0.01654639152,74.334674,5.788007,67.661550,0.008054928951,74.941523,-0.02915228587,-0.01230145234,57.832747,-0.1391658556,-0.03573360516,0.404247,0.002872,2601
random_interior_033,4.7368867,1.7121367,8.6510512,0.022523042,0.024797701,0.086417798,14.036488,71.302743,0.0342839056,78.408994,6.479478,73.383582,0.01592327883,79.198162,-0.05281206293,-0.01826754679,65.418593,-0.2442484576,-0.05291946144,0.427575,0.002981,2601
random_interior_034,8.3411291,5.0257461,9.855794,0.047350186,0.040919765,0.091791826,11.800454,64.586786,0.00979170482,74.468060,5.897377,68.217182,0.004893487685,75.040447,-0.01724137675,-0.007163932728,58.481438,-0.08297735537,-0.0211857287,0.475905,0.003079,2601
random_interior_035,5.8421233,2.8365495,7.9419811,0.091236937,0.040531711,0.054212357,11.497390,65.072176,0.01353661948,75.422114,5.459509,67.535482,0.006427832508,76.094650,-0.02367966245,-0.01003061571,57.667471,-0.1177364527,-0.028951552,0.448422,0.003298,2601
random_interior_036,7.0940611,2.9032055,2.4575772,0.067011752,0.082944673,0.087950649,10.377044,66.630510,0.01275226868,78.553484,4.898212,68.471638,0.006019375025,78.553484,-0.02162729113,-0.008936937607,58.716110,-0.1228892214,-0.02638135282,0.318388,0.002256,2601
random_interior_037,6.182541,2.9520962,9.9281043,0.0523372,0.086485362,0.045995866,13.422261,72.988236,0.01666951456,81.132522,5.831557,73.302577,0.007246247377,81.840531,-0.02492500984,-0.008597149069,65.535445,-0.124193042,-0.02343209484,0.404550,0.002886,2601
random_interior_038,9.8995924,9.1148523,5.1276024,0.084442753,0.098263827,0.056087793,10.378997,65.117967,0.005420695423,77.153549,5.139634,65.998116,0.002684304932,77.153549,-0.009464338621,-0.004274478356,54.879899,-0.05222754841,-0.01193214106,0.359622,0.002746,2601
random_interior_039,8.1204133,2.9919776,7.9097061,0.046653323,0.037729562,0.028431892,13.991884,71.275582,0.04245061508,78.489287,5.952573,72.068455,0.01817686696,79.110357,-0.06531613801,-0.02326313439,64.432705,-0.3033945656,-0.0652623348,0.511467,0.002573,2601
random_interior_040,5.8181015,2.2237916,8.4299865,0.079309366,0.072342867,0.0630449,12.261218,71.037861,0.01342231574,80.365062,5.317051,71.978211,0.005820558296,80.814702,-0.02083621673,-0.007563176289,63.730628,-0.1094696731,-0.0214943028,0.458866,0.003463,2601
random_interior_041,2.176194,3.5542583,9.7462001,0.067042439,0.066476311,0.086653766,12.661745,68.875167,0.0124486591,77.842300,6.544241,71.968048,0.006434107097,78.538608,-0.02012567595,-0.007529514719,62.618331,-0.0983170916,-0.02178480574,0.526395,0.002682,2601
random_interior_042,4.5836332,3.2638138,3.6972912,0.076969049,0.054731432,0.055715931,10.955953,62.180267,0.01766655671,73.277484,5.503095,65.110545,0.008873782917,73.440353,-0.03286118782,-0.01513649517,53.968467,-0.1612507585,-0.04333516487,0.348511,0.002680,2601
random_interior_043,9.3113548,7.3089117,1.5482648,0.090566983,0.02916384,0.07920464,10.443431,66.530608,0.01434705296,78.323047,5.333201,69.377997,0.007326683808,78.323047,-0.0242565822,-0.009931109119,59.073731,-0.1373787281,-0.02977952292,0.391795,0.002900,2601
random_interior_044,1.9191702,3.3785021,1.8383194,0.07982338,0.065821795,0.049467193,11.828913,65.184861,0.03075614595,75.329403,6.063062,67.773822,0.01576445886,75.329403,-0.05348116652,-0.02305721062,56.914082,-0.2600082292,-0.06464072807,0.347070,0.003392,2601
random_interior_045,8.6234643,8.5839074,4.6388176,0.049566437,0.078759454,0.083350234,10.538753,62.999974,0.007981197269,74.880717,5.473726,66.459310,0.004145356239,74.880717,-0.01458307269,-0.006480505885,55.598742,-0.07573189066,-0.01902330814,0.390557,0.002780,2601
random_interior_046,1.2006573,9.3478681,7.1961238,0.063218871,0.025823345,0.05094568,16.013771,79.085225,0.06499311869,84.435782,7.328153,80.622597,0.02994274525,85.097523,-0.08771803907,-0.02242557207,74.440562,-0.4058576827,-0.0631685757,0.454191,0.002627,2601
random_interior_047,9.802795,6.7000942,4.8094411,0.09902307,0.057686805,0.077114875,9.556092,61.890718,0.006112016471,74.961025,4.920966,64.601497,0.003147419123,74.961025,-0.01157460482,-0.005421362944,53.206455,-0.0639593697,-0.01601477082,0.329532,0.002938,2601
random_interior_048,6.413709,3.0344516,3.3883627,0.020749218,0.053560236,0.07279053,13.325014,69.210675,0.03638990423,77.487242,6.185285,71.766804,0.01690138094,78.316405,-0.05822966521,-0.02131032345,63.422524,-0.2730946766,-0.06167750053,0.351284,0.001711,2601
random_interior_049,8.6995427,7.9238839,9.061209,0.090956611,0.078571321,0.02369826,12.488608,68.208740,0.008639723815,77.643355,5.877065,68.626452,0.004065803285,77.721804,-0.01408030669,-0.005783030228,58.973152,-0.06918084153,-0.0154665152,0.401379,0.002678,2601
random_interior_050,7.0777376,8.3163499,9.3692602,0.046693227,0.062404587,0.04105512,13.201416,68.497500,0.01611731643,76.744488,6.185650,69.967483,0.007570639205,77.763162,-0.02616376967,-0.01025770301,60.832354,-0.1220877851,-0.02839213894,0.454796,0.002456,2601
random_interior_051,5.6596662,8.3786859,9.979582,0.057056665,0.064474075,0.052069105,12.902630,68.239091,0.01251086151,76.946989,6.262219,70.272014,0.006072075909,77.794299,-0.02043547729,-0.007991616417,60.922717,-0.09696365234,-0.02235304162,0.481900,0.002681,2601
random_interior_052,4.551777,1.532264,3.404416,0.099211953,0.088930057,0.053923098,10.953979,68.918980,0.01620171186,79.794960,4.773014,68.842009,0.00705962698,79.794960,-0.02628164386,-0.01071830022,59.253972,-0.1479070938,-0.02998416195,0.415585,0.002525,2601
random_interior_053,8.3023323,3.950497,7.3837572,0.040523493,0.042623935,0.096302559,11.381667,63.220772,0.01151286333,73.618844,5.687877,67.131722,0.005753441563,74.132461,-0.02089231055,-0.008964448856,57.125152,-0.1011526991,-0.02668525176,0.432308,0.003996,2601
random_interior_054,8.0994924,2.5240761,8.2008612,0.069677008,0.07969233,0.04317586,12.582598,71.050560,0.01403813917,80.158577,5.373345,71.346463,0.005994927025,80.686418,-0.0217511392,-0.008054264485,63.003614,-0.1115678886,-0.02213665631,0.457103,0.003495,2601
random_interior_055,7.421256,2.0897878,4.2084687,0.072479314,0.031862546,0.036396884,12.699522,67.010785,0.03065990451,75.841861,5.897897,69.115343,0.01425972875,76.722182,-0.05123525192,-0.02055591037,59.907101,-0.2414256603,-0.05881191277,0.320151,0.003234,2601
random_interior_056,3.9565176,9.7919847,4.708885,0.061430868,0.095366757,0.078030061,10.486871,63.282928,0.007795223915,75.232125,5.590001,66.178716,0.004155225067,75.232125,-0.01417997882,-0.006456210245,54.511669,-0.07433317482,-0.01841074746,0.497110,0.002589,2601
random_interior_057,9.5476948,7.9459204,3.8921882,0.068826988,0.073538198,0.020451243,12.615970,66.935654,0.01392127485,76.052614,5.959019,67.432287,0.006575566378,76.052614,-0.02325032029,-0.009936841552,57.318921,-0.1103464508,-0.02642509081,0.426069,0.003080,2601
random_interior_058,7.3774408,1.0389586,9.977626,0.055960907,0.026852665,0.081692449,13.040061,69.423881,0.01724341837,77.736357,5.889079,71.816588,0.007811148369,78.535495,-0.02758263743,-0.01003767648,63.626821,-0.1322341869,-0.02944014757,0.627690,0.002429,2601
random_interior_059,5.1879797,9.7695399,5.2854056,0.031147252,0.033356731,0.050484109,13.430760,68.344572,0.04403430696,76.000737,6.083838,70.154002,0.02008337033,77.173423,-0.0717606646,-0.0279032478,61.143057,-0.3278616203,-0.07868437267,0.436293,0.002626,2601
random_interior_060,2.2702703,3.2465484,3.7877922,0.055832126,0.090930984,0.04644173,12.134881,66.326142,0.02324052512,76.065263,5.977841,67.872910,0.01144866384,76.576552,-0.03952815933,-0.01689097258,57.301796,-0.1915183597,-0.04606416937,0.454736,0.002723,2601
random_interior_061,2.2359499,4.7790525,4.773188,0.076847783,0.082456513,0.067960298,11.587371,65.415319,0.01401596444,75.838700,6.040306,68.253549,0.007306292056,75.838700,-0.02430054275,-0.01032300039,57.558979,-0.1209589731,-0.02926205837,0.429842,0.002806,2601
random_interior_062,6.2504292,2.8299421,2.9675017,0.085463062,0.093214508,0.050429126,10.633814,66.069790,0.01237169328,77.766099,4.988591,66.561769,0.005803874411,77.766099,-0.02121686506,-0.009347836556,55.981809,-0.1163429539,-0.02594271153,0.491817,0.002296,2601
random_interior_063,8.8621795,4.4529429,8.5665756,0.038494435,0.066993194,0.022623943,14.504220,73.394559,0.03165003567,80.354097,6.219316,73.606917,0.01364279089,80.819684,-0.04682986968,-0.01581140801,66.281704,-0.2182125971,-0.04286983551,0.368617,0.003269,2601
random_interior_064,9.0100101,9.8871735,6.4026648,0.079171536,0.051048909,0.084398567,9.822956,59.634042,0.006020574138,72.260553,5.312339,63.783017,0.003255978478,72.260553,-0.01192847272,-0.005742488124,51.902609,-0.06129086169,-0.01700174582,0.532377,0.002272,2601
random_interior_065,3.1576125,1.2722316,3.0924942,0.06572199,0.021580624,0.052231415,11.498818,61.800499,0.04732640184,71.654355,5.525638,64.647563,0.02281537669,72.725722,-0.08806594919,-0.04101776744,53.433314,-0.4115762412,-0.1181622409,0.583299,0.002815,2601
random_interior_066,3.3446148,6.6338739,6.3383791,0.079412015,0.04796199,0.04578583,12.758033,67.628590,0.02039506028,76.453381,6.281957,70.053453,0.01004845379,77.429499,-0.03378052507,-0.01338932028,60.383802,-0.1598605407,-0.03769186206,0.336046,0.002361,2601
random_interior_067,8.3898278,4.8522111,6.5849754,0.040033202,0.056574025,0.057910365,12.621672,66.858384,0.01791505092,75.828210,5.924001,69.117206,0.008411098724,76.794088,-0.0300396829,-0.01204290137,59.945720,-0.1419388067,-0.03430914994,0.536165,0.003570,2601
random_interior_068,6.8437073,5.5781726,3.3768932,0.08202757,0.082530649,0.037652257,10.965461,63.335418,0.01071279393,74.604165,5.442969,64.570365,0.005317552262,74.604165,-0.019397661,-0.009120370052,53.020540,-0.09769579492,-0.0248449474,0.420290,0.003770,2601
random_interior_069,5.1279651,2.2885127,4.4190604,0.07085063,0.025758533,0.037830418,12.379249,65.281677,0.03766239625,74.276978,5.761787,67.462550,0.01759387241,75.281703,-0.06524751862,-0.02769260166,57.574072,-0.3042381283,-0.07905895636,0.458780,0.002431,2601
random_interior_070,2.4932301,3.9706008,7.6185678,0.076096789,0.070447996,0.081570623,11.782051,66.006378,0.01170582108,76.029438,6.185419,69.264991,0.006145399809,76.441901,-0.02006865592,-0.008233684815,59.011743,-0.09935300169,-0.02381547318,0.400839,0.002600,2601
random_interior_071,2.0962262,1.7736387,7.081676,0.031385739,0.072247499,0.098675474,12.397381,66.830126,0.01839747116,75.994063,6.464281,70.369267,0.009595198465,76.927449,-0.03098298814,-0.01225713229,60.470468,-0.1483980482,-0.03562434229,0.412222,0.003200,2601
random_interior_072,3.3496646,8.8290556,4.4963989,0.054749381,0.07293515,0.075984613,11.056267,62.545896,0.01170161321,73.603003,5.932861,66.397046,0.006279157446,73.603003,-0.0215443505,-0.009729284533,54.877990,-0.1058369286,-0.02793777036,0.359427,0.002344,2601
random_interior_073,8.4482952,2.1539164,9.9416025,0.071734982,0.088662678,0.042163009,13.047957,74.324465,0.01366869726,82.639296,5.334799,73.984964,0.005588594904,83.152658,-0.01990464566,-0.006681252033,66.464078,-0.1047573723,-0.01818661685,0.408016,0.002711,2601
random_interior_074,8.7489722,2.1634315,7.1994794,0.042795678,0.060037195,0.046371951,14.042137,73.974436,0.02914792864,81.460449,5.846399,74.705262,0.01217165879,82.122055,-0.04273677492,-0.01377853515,67.785525,-0.2075747382,-0.03848342433,0.383205,0.003039,2601
random_interior_075,2.2484368,7.6810754,9.1874022,0.027081163,0.085904715,0.080127886,11.503319,63.271939,0.009637361639,73.547139,6.012648,66.711485,0.005037334792,74.146731,-0.01746190227,-0.007772403217,55.531944,-0.08377896698,-0.0221619333,0.572210,0.003359,2601
random_interior_076,4.7151929,5.1167005,2.0099768,0.078707955,0.060280334,0.087522472,9.794966,62.810718,0.01335692188,75.620034,5.160714,65.831546,0.007037416071,75.620034,-0.02470470529,-0.01128762893,54.352804,-0.1363651716,-0.03329068516,0.433970,0.002260,2601
random_interior_077,9.5467297,2.7812771,4.3098962,0.045407794,0.02709428,0.061102746,12.902773,67.001162,0.02924867312,75.491064,5.997134,69.814284,0.01361921511,76.550626,-0.04877079912,-0.01901381719,61.053556,-0.2266851668,-0.05578649263,0.408059,0.002843,2601
random_interior_078,8.0928864,8.5485699,8.5942097,0.032314978,0.023929917,0.057846698,13.572235,68.901409,0.03100270984,76.313686,6.091604,70.644395,0.01400990736,77.262348,-0.04984093849,-0.01886223282,62.187343,-0.2284274418,-0.05410604221,0.363697,0.002693,2601
random_interior_079,2.1789131,6.1245017,1.6457772,0.046415993,0.074172332,0.023915633,13.511472,69.559476,0.04772852356,77.415409,6.367606,70.160395,0.02249321612,77.415409,-0.07615136816,-0.03020596736,60.355680,-0.3532444504,-0.08018172412,0.487393,0.002621,2601
random_interior_080,6.1149546,9.1528085,2.3350022,0.048960781,0.06194803,0.081388906,11.228399,65.159727,0.01504528475,76.151215,5.825116,68.649139,0.007805255874,76.151215,-0.02613490552,-0.0109405397,58.164056,-0.1339931405,-0.03195573637,0.464205,0.002899,2601
random_interior_081,1.6860679,3.0832868,2.640021,0.090079861,0.037595527,0.081839992,10.572099,60.717770,0.02331302489,72.196793,5.783808,65.252776,0.01275414364,72.196793,-0.04484546095,-0.02091612554,53.400005,-0.2205146255,-0.06159216232,0.450706,0.002917,2601
random_interior_082,1.2781454,1.8283744,5.4090796,0.09594828,0.063903947,0.063706649,12.991157,71.481864,0.0266409507,80.068405,6.365377,73.506634,0.01305347175,80.826514,-0.04099162933,-0.0143652937,64.978774,-0.2050698852,-0.04101482624,0.440912,0.002256,2601
random_interior_083,2.4877592,5.0957108,4.3565422,0.042147405,0.073262197,0.08360383,11.221692,62.636177,0.0159790575,73.353332,5.977972,66.658411,0.008512295552,73.602894,-0.02937629229,-0.01312175791,55.373731,-0.1423943707,-0.03796161634,0.581726,0.002280,2601
random_interior_084,1.5525012,7.1074938,6.7188785,0.028323126,0.05702702,0.023166508,14.672010,73.325849,0.07286193806,79.739794,6.429732,74.012534,0.03218042179,80.172619,-0.1085130947,-0.03672223154,66.183406,-0.4966050076,-0.1006131957,0.391458,0.002619,2601
random_interior_085,2.632809,7.6605686,3.6210345,0.091531858,0.061169241,0.038874013,13.132669,69.727157,0.02245472435,78.339181,6.476139,71.634970,0.01107314286,78.364783,-0.03565556875,-0.01344906424,62.296873,-0.170983707,-0.03710581153,0.547995,0.003086,2601
random_interior_086,8.8812217,6.0111242,7.3223969,0.066989107,0.032674533,0.07347456,11.094567,61.616822,0.01066428221,72.300389,5.631328,65.627544,0.00541292654,72.806744,-0.01999737124,-0.009005781532,54.999840,-0.09612166555,-0.02662532775,0.411699,0.003484,2601
random_interior_087,2.0608749,4.5664582,1.4114419,0.093829169,0.06347206,0.061049002,10.950268,64.394987,0.02234240153,75.681927,5.805134,67.215254,0.01184451735,75.681927,-0.03955683609,-0.01750394664,55.783930,-0.2040352043,-0.04984913381,0.318367,0.002075,2601
random_interior_088,4.0011131,5.1762546,9.8846461,0.092370467,0.052353111,0.021234563,13.811304,72.083415,0.02127081006,79.858992,6.348467,73.094108,0.009812081115,80.532390,-0.03231058558,-0.01134048824,64.919339,-0.1540101514,-0.03101919638,0.502022,0.002268,2601
random_interior_089,2.9040649,8.4118455,8.8635081,0.07735826,0.099953174,0.032492656,13.721333,72.297028,0.01213805925,80.311815,6.673391,72.923154,0.005903363231,80.755970,-0.01831662129,-0.006602401117,63.977216,-0.08846122674,-0.01741640964,0.438123,0.002972,2601
random_interior_090,7.5557529,3.0956587,4.5912267,0.072680584,0.040439576,0.026089047,13.245803,68.594340,0.03043110124,76.888774,6.106685,70.163836,0.01406410955,77.533737,-0.04924704538,-0.01908491112,61.277242,-0.2297414677,-0.05343953732,0.486570,0.003929,2601
random_interior_091,8.9157877,6.1331337,7.7395572,0.027791294,0.086866755,0.078833931,12.001047,66.446992,0.00973231616,76.372528,5.852156,69.228324,0.004745838935,76.549392,-0.01648319777,-0.006631899247,59.802959,-0.08109555937,-0.01916083054,0.463608,0.004382,2601
random_interior_092,7.1817469,2.7438436,1.9209955,0.079578873,0.090124729,0.03151472,11.940396,68.866692,0.01789228402,79.117753,5.533050,68.965981,0.008291090803,79.117753,-0.02869094104,-0.01170782634,59.220245,-0.1498466591,-0.03143577227,0.402203,0.003206,2601
random_interior_093,6.5083537,9.4193859,6.2517114,0.021332829,0.064696416,0.077546908,12.035847,64.511416,0.01399509994,74.156611,5.994817,67.913680,0.006970682438,74.722658,-0.02461350762,-0.01038406966,57.843661,-0.1162784822,-0.03005030036,0.386708,0.004445,2601
random_interior_094,4.0244602,4.6175172,4.1133245,0.081550284,0.027580392,0.044828691,11.696178,62.745926,0.02666496322,72.532945,5.851646,65.944623,0.01334826128,73.559164,-0.04875037874,-0.02196649149,54.956111,-0.2279801492,-0.06308104579,0.437254,0.002865,2601
random_interior_095,4.0125864,2.7834747,8.6331239,0.043575674,0.039747641,0.099397705,12.164950,65.702103,0.01492334081,75.064462,6.174564,69.216918,0.007580197708,75.849619,-0.02570392865,-0.01044758807,59.378883,-0.1226749004,-0.03058964659,0.493121,0.002732,2601
random_interior_096,7.9818431,4.7507234,6.9324171,0.053984363,0.023781185,0.093201981,10.696241,59.800549,0.01138026726,70.805629,5.565310,64.451693,0.005921213134,71.362886,-0.02223244072,-0.01038802707,53.307104,-0.1063950193,-0.03106135683,0.462963,0.003209,2601
random_interior_097,6.3325673,6.6854985,2.0255693,0.031192831,0.049811938,0.098166918,12.376717,68.493755,0.02440241759,78.197714,6.113791,72.240858,0.01205418837,78.197714,-0.03945855132,-0.0144071624,63.507451,-0.1971638934,-0.0430114764,0.398130,0.002762,2601
random_interior_098,2.2684544,6.1853787,8.4339609,0.062848696,0.04621663,0.035627877,14.378057,72.947601,0.0352122319,79.908684,6.713014,74.401877,0.01652566272,80.819231,-0.05276911331,-0.01780777641,66.268066,-0.2449025697,-0.04920414893,0.350739,0.003422,2601
random_interior_099,3.9448833,8.6006895,8.9701498,0.091735165,0.06305523,0.092621488,10.715029,63.030144,0.006111979705,74.475360,5.818521,66.825574,0.003318953699,74.475360,-0.01118343189,-0.0049666134,55.637621,-0.05704118867,-0.01455955798,0.417228,0.002723,2601
